Workbook

Sheet Setup
A1: PROJECT SETUP
A3: Business Name:
A4: Project Name:
A5: Project Address:
A6: Client Name:
A7: Contract Number:
A8: Start Date:
A9: Completion Date:
A10: Site Supervisor:

Sheet Program
A1: CONSTRUCTION PROGRAM
A2: Project: | B2: =Setup!$B$4 | D2: Contract completion: | E2: =Setup!$B$9
A4: ID | B4: Task | C4: Trade | D4: Start | E4: Duration (working days) | F4: Finish | G4: Predecessor ID | H4: % Complete | I4: Notes | J4: =IF(Setup!$B$8="","",Setup!$B$8-WEEKDAY(Setup!$B$8,3)) | K4: =IF(J4="","",J4+7) | L4: =IF(K4="","",K4+7) | M4: =IF(L4="","",L4+7) | N4: =IF(M4="","",M4+7) | O4: =IF(N4="","",N4+7) | P4: =IF(O4="","",O4+7) | Q4: =IF(P4="","",P4+7) | R4: =IF(Q4="","",Q4+7) | ... AI4: =IF(AH4="","",AH4+7)
A5: 1 | B5: Site establishment | D5: =IF(G5<>"",WORKDAY(INDEX($F$5:$F$64,MATCH(G5,$A$5:$A$64,0)),1,Holidays!$A$4:$A$60),IF(A5=1,Setup!$B$8,"")) | F5: =IF(OR(D5="",E5=""),"",WORKDAY(D5,E5-1,Holidays!$A$4:$A$60))
A6: 2 | B6: Set out and excavation | D6: =IF(G6<>"",WORKDAY(INDEX($F$5:$F$64,MATCH(G6,$A$5:$A$64,0)),1,Holidays!$A$4:$A$60),IF(A6=1,Setup!$B$8,"")) | F6: =IF(OR(D6="",E6=""),"",WORKDAY(D6,E6-1,Holidays!$A$4:$A$60)) | G6: 1
A7: 3 | B7: Footings and slab | D7: =IF(G7<>"",WORKDAY(INDEX($F$5:$F$64,MATCH(G7,$A$5:$A$64,0)),1,Holidays!$A$4:$A$60),IF(A7=1,Setup!$B$8,"")) | F7: =IF(OR(D7="",E7=""),"",WORKDAY(D7,E7-1,Holidays!$A$4:$A$60)) | G7: 2
A8: 4 | B8: Frame | D8: =IF(G8<>"",WORKDAY(INDEX($F$5:$F$64,MATCH(G8,$A$5:$A$64,0)),1,Holidays!$A$4:$A$60),IF(A8=1,Setup!$B$8,"")) | F8: =IF(OR(D8="",E8=""),"",WORKDAY(D8,E8-1,Holidays!$A$4:$A$60)) | G8: 3
A9: 5 | B9: Roof cover | D9: =IF(G9<>"",WORKDAY(INDEX($F$5:$F$64,MATCH(G9,$A$5:$A$64,0)),1,Holidays!$A$4:$A$60),IF(A9=1,Setup!$B$8,"")) | F9: =IF(OR(D9="",E9=""),"",WORKDAY(D9,E9-1,Holidays!$A$4:$A$60)) | G9: 4
A10: 6 | B10: Windows and external doors (lock-up) | D10: =IF(G10<>"",WORKDAY(INDEX($F$5:$F$64,MATCH(G10,$A$5:$A$64,0)),1,Holidays!$A$4:$A$60),IF(A10=1,Setup!$B$8,"")) | F10: =IF(OR(D10="",E10=""),"",WORKDAY(D10,E10-1,Holidays!$A$4:$A$60)) | G10: 5
A11: 7 | B11: Rough-in: plumbing, electrical, mechanical | D11: =IF(G11<>"",WORKDAY(INDEX($F$5:$F$64,MATCH(G11,$A$5:$A$64,0)),1,Holidays!$A$4:$A$60),IF(A11=1,Setup!$B$8,"")) | F11: =IF(OR(D11="",E11=""),"",WORKDAY(D11,E11-1,Holidays!$A$4:$A$60)) | G11: 6
A12: 8 | B12: Insulation | D12: =IF(G12<>"",WORKDAY(INDEX($F$5:$F$64,MATCH(G12,$A$5:$A$64,0)),1,Holidays!$A$4:$A$60),IF(A12=1,Setup!$B$8,"")) | F12: =IF(OR(D12="",E12=""),"",WORKDAY(D12,E12-1,Holidays!$A$4:$A$60)) | G12: 7
A13: 9 | B13: Plasterboard | D13: =IF(G13<>"",WORKDAY(INDEX($F$5:$F$64,MATCH(G13,$A$5:$A$64,0)),1,Holidays!$A$4:$A$60),IF(A13=1,Setup!$B$8,"")) | F13: =IF(OR(D13="",E13=""),"",WORKDAY(D13,E13-1,Holidays!$A$4:$A$60)) | G13: 8
A14: 10 | B14: Waterproofing | D14: =IF(G14<>"",WORKDAY(INDEX($F$5:$F$64,MATCH(G14,$A$5:$A$64,0)),1,Holidays!$A$4:$A$60),IF(A14=1,Setup!$B$8,"")) | F14: =IF(OR(D14="",E14=""),"",WORKDAY(D14,E14-1,Holidays!$A$4:$A$60)) | G14: 9
A15: 11 | B15: Fix-out: joinery, doors, trims | D15: =IF(G15<>"",WORKDAY(INDEX($F$5:$F$64,MATCH(G15,$A$5:$A$64,0)),1,Holidays!$A$4:$A$60),IF(A15=1,Setup!$B$8,"")) | F15: =IF(OR(D15="",E15=""),"",WORKDAY(D15,E15-1,Holidays!$A$4:$A$60)) | G15: 10
A16: 12 | B16: Tiling | D16: =IF(G16<>"",WORKDAY(INDEX($F$5:$F$64,MATCH(G16,$A$5:$A$64,0)),1,Holidays!$A$4:$A$60),IF(A16=1,Setup!$B$8,"")) | F16: =IF(OR(D16="",E16=""),"",WORKDAY(D16,E16-1,Holidays!$A$4:$A$60)) | G16: 11
A17: 13 | B17: Painting | D17: =IF(G17<>"",WORKDAY(INDEX($F$5:$F$64,MATCH(G17,$A$5:$A$64,0)),1,Holidays!$A$4:$A$60),IF(A17=1,Setup!$B$8,"")) | F17: =IF(OR(D17="",E17=""),"",WORKDAY(D17,E17-1,Holidays!$A$4:$A$60)) | G17: 12
... A21: 17 | B21: Practical completion inspection | D21: =IF(G21<>"",WORKDAY(INDEX($F$5:$F$64,MATCH(G21,$A$5:$A$64,0)),1,Holidays!$A$4:$A$60),IF(A21=1,Setup!$B$8,"")) | F21: =IF(OR(D21="",E21=""),"",WORKDAY(D21,E21-1,Holidays!$A$4:$A$60)) | G21: 16
A22: 18 | D22: =IF(G22<>"",WORKDAY(INDEX($F$5:$F$64,MATCH(G22,$A$5:$A$64,0)),1,Holidays!$A$4:$A$60),IF(A22=1,Setup!$B$8,"")) | F22: =IF(OR(D22="",E22=""),"",WORKDAY(D22,E22-1,Holidays!$A$4:$A$60))
A23: 19 | D23: =IF(G23<>"",WORKDAY(INDEX($F$5:$F$64,MATCH(G23,$A$5:$A$64,0)),1,Holidays!$A$4:$A$60),IF(A23=1,Setup!$B$8,"")) | F23: =IF(OR(D23="",E23=""),"",WORKDAY(D23,E23-1,Holidays!$A$4:$A$60))
A24: 20 | D24: =IF(G24<>"",WORKDAY(INDEX($F$5:$F$64,MATCH(G24,$A$5:$A$64,0)),1,Holidays!$A$4:$A$60),IF(A24=1,Setup!$B$8,"")) | F24: =IF(OR(D24="",E24=""),"",WORKDAY(D24,E24-1,Holidays!$A$4:$A$60))
A25: 21 | D25: =IF(G25<>"",WORKDAY(INDEX($F$5:$F$64,MATCH(G25,$A$5:$A$64,0)),1,Holidays!$A$4:$A$60),IF(A25=1,Setup!$B$8,"")) | F25: =IF(OR(D25="",E25=""),"",WORKDAY(D25,E25-1,Holidays!$A$4:$A$60))
A26: 22 | D26: =IF(G26<>"",WORKDAY(INDEX($F$5:$F$64,MATCH(G26,$A$5:$A$64,0)),1,Holidays!$A$4:$A$60),IF(A26=1,Setup!$B$8,"")) | F26: =IF(OR(D26="",E26=""),"",WORKDAY(D26,E26-1,Holidays!$A$4:$A$60))
A27: 23 | D27: =IF(G27<>"",WORKDAY(INDEX($F$5:$F$64,MATCH(G27,$A$5:$A$64,0)),1,Holidays!$A$4:$A$60),IF(A27=1,Setup!$B$8,"")) | F27: =IF(OR(D27="",E27=""),"",WORKDAY(D27,E27-1,Holidays!$A$4:$A$60))
A28: 24 | D28: =IF(G28<>"",WORKDAY(INDEX($F$5:$F$64,MATCH(G28,$A$5:$A$64,0)),1,Holidays!$A$4:$A$60),IF(A28=1,Setup!$B$8,"")) | F28: =IF(OR(D28="",E28=""),"",WORKDAY(D28,E28-1,Holidays!$A$4:$A$60))
A29: 25 | D29: =IF(G29<>"",WORKDAY(INDEX($F$5:$F$64,MATCH(G29,$A$5:$A$64,0)),1,Holidays!$A$4:$A$60),IF(A29=1,Setup!$B$8,"")) | F29: =IF(OR(D29="",E29=""),"",WORKDAY(D29,E29-1,Holidays!$A$4:$A$60))
A30: 26 | D30: =IF(G30<>"",WORKDAY(INDEX($F$5:$F$64,MATCH(G30,$A$5:$A$64,0)),1,Holidays!$A$4:$A$60),IF(A30=1,Setup!$B$8,"")) | F30: =IF(OR(D30="",E30=""),"",WORKDAY(D30,E30-1,Holidays!$A$4:$A$60))
A31: 27 | D31: =IF(G31<>"",WORKDAY(INDEX($F$5:$F$64,MATCH(G31,$A$5:$A$64,0)),1,Holidays!$A$4:$A$60),IF(A31=1,Setup!$B$8,"")) | F31: =IF(OR(D31="",E31=""),"",WORKDAY(D31,E31-1,Holidays!$A$4:$A$60))
A32: 28 | D32: =IF(G32<>"",WORKDAY(INDEX($F$5:$F$64,MATCH(G32,$A$5:$A$64,0)),1,Holidays!$A$4:$A$60),IF(A32=1,Setup!$B$8,"")) | F32: =IF(OR(D32="",E32=""),"",WORKDAY(D32,E32-1,Holidays!$A$4:$A$60))
A33: 29 | D33: =IF(G33<>"",WORKDAY(INDEX($F$5:$F$64,MATCH(G33,$A$5:$A$64,0)),1,Holidays!$A$4:$A$60),IF(A33=1,Setup!$B$8,"")) | F33: =IF(OR(D33="",E33=""),"",WORKDAY(D33,E33-1,Holidays!$A$4:$A$60))
... A64: 60 | D64: =IF(G64<>"",WORKDAY(INDEX($F$5:$F$64,MATCH(G64,$A$5:$A$64,0)),1,Holidays!$A$4:$A$60),IF(A64=1,Setup!$B$8,"")) | F64: =IF(OR(D64="",E64=""),"",WORKDAY(D64,E64-1,Holidays!$A$4:$A$60))

Sheet Holidays
A1: NON-WORKING DAYS
A3: Date | B3: Reason

Sheet Instructions
A1: HOW TO USE THIS WORKBOOK
A3: STEP 1: | B3: Fill in Setup. The Start Date is the first day on site.
A4: STEP 2: | B4: On Holidays, list public holidays, the industry shutdown (RDOs if you take them) and any other non-working days for the job's state.
A5: STEP 3: | B5: On Program, list tasks in order. Give each a duration in working days. Put the ID of the task it follows in Predecessor ID and the start and finish dates calculate themselves; leave Predecessor ID blank and type a Start date for a task that doesn't follow another.
A6: STEP 4: | B6: The bars show each task against week-commencing dates. Update % Complete each week.
A7: STEP 5: | B7: If the program slips past the contract completion date, issue a Delay Notification for any delay you are entitled to an extension of time for.
