Workbook

Sheet Setup
A1: BUSINESS SETUP
A2: Enter your details — they appear across all sheets.
A4: Business Name:
A5: ABN:
A6: Builder Licence:
A7: Address:
A8: Phone:
A9: Email:
A11: PROJECT SETUP
A13: Project Name:
A14: Project Address:
A15: Client Name:
... A17: DLP End Date:

Sheet Defects
A1: DEFECTS LIST & TRACKING
A2: Project: | B2: =Setup!B13 -> 0 | E2: PC Date: | F2: =Setup!B16 -> 0
A4: Item No. | B4: Date Reported | C4: Room/Location | D4: Description | E4: Trade Responsible | F4: Priority | G4: Date Rectified | H4: Verified | I4: Notes
A5: =IF(B5="","",ROW()-4)
A6: =IF(B6="","",ROW()-4)
A7: =IF(B7="","",ROW()-4)
A8: =IF(B8="","",ROW()-4)
A9: =IF(B9="","",ROW()-4)
A10: =IF(B10="","",ROW()-4)
A11: =IF(B11="","",ROW()-4)
A12: =IF(B12="","",ROW()-4)
A13: =IF(B13="","",ROW()-4)
A14: =IF(B14="","",ROW()-4)
A15: =IF(B15="","",ROW()-4)
A16: =IF(B16="","",ROW()-4)
... A54: =IF(B54="","",ROW()-4)

Sheet Summary
A1: DEFECTS SUMMARY
A3: Total Defects | B3: =COUNTA(Defects!B5:B54) -> 0
A4: Rectified | B4: =COUNTA(Defects!G5:G54) -> 0
A5: Outstanding | B5: =B3-B4 -> 0
A6: High Priority | B6: =COUNTIF(Defects!F5:F54,"High") -> 0
A7: Medium Priority | B7: =COUNTIF(Defects!F5:F54,"Medium") -> 0
A8: Low Priority | B8: =COUNTIF(Defects!F5:F54,"Low") -> 0

Sheet Instructions
A1: HOW TO USE THIS DEFECTS TRACKER
A3: QUICK START
A4: 1. Setup | B4: Enter project details and PC date.
A5: 2. Log | B5: Record each defect with location and description.
A6: 3. Assign | B6: Assign responsible trade and priority.
A7: 4. Rectify | B7: Update date rectified and verify completion.
