Workbook

Sheet Setup
A1: MATERIALS ESTIMATE SETUP
A2: Enter your details. They appear across all sheets.
A4: Business Name:
A5: ABN:
A6: Builder Licence:
A7: Phone:
A8: Email:
A10: PROJECT
A11: Project Name:
A12: Project Address:
A13: Client Name:
A14: Job Description:
A16: PRICING
A17: Pricing Source: | B17: Bunnings retail (guide only)
A18: Store / Supplier:
A19: Prices Checked On:
A20: ROM Low (%): | B20: 15
A21: ROM High (%): | B21: 30

Sheet Materials
A1: MATERIALS ESTIMATE
A2: Project: | B2: =Setup!B11 | E2: Source: | F2: =Setup!B17&IF(Setup!B18="",""," - "&Setup!B18)
A4: Item | B4: Specification | C4: Qty Needed | D4: Unit | E4: Pack Size | F4: Packs to Buy | G4: Product / Item No. | H4: Unit Price inc GST ($) | I4: Line Total inc GST ($) | J4: Source | K4: Priced On | L4: Notes
F5: =IF(C5="","",ROUNDUP(C5/IF(E5="",1,E5),0)) | I5: =IF(OR(F5="",H5=""),"",F5*H5)
F6: =IF(C6="","",ROUNDUP(C6/IF(E6="",1,E6),0)) | I6: =IF(OR(F6="",H6=""),"",F6*H6)
F7: =IF(C7="","",ROUNDUP(C7/IF(E7="",1,E7),0)) | I7: =IF(OR(F7="",H7=""),"",F7*H7)
F8: =IF(C8="","",ROUNDUP(C8/IF(E8="",1,E8),0)) | I8: =IF(OR(F8="",H8=""),"",F8*H8)
F9: =IF(C9="","",ROUNDUP(C9/IF(E9="",1,E9),0)) | I9: =IF(OR(F9="",H9=""),"",F9*H9)
F10: =IF(C10="","",ROUNDUP(C10/IF(E10="",1,E10),0)) | I10: =IF(OR(F10="",H10=""),"",F10*H10)
F11: =IF(C11="","",ROUNDUP(C11/IF(E11="",1,E11),0)) | I11: =IF(OR(F11="",H11=""),"",F11*H11)
F12: =IF(C12="","",ROUNDUP(C12/IF(E12="",1,E12),0)) | I12: =IF(OR(F12="",H12=""),"",F12*H12)
F13: =IF(C13="","",ROUNDUP(C13/IF(E13="",1,E13),0)) | I13: =IF(OR(F13="",H13=""),"",F13*H13)
F14: =IF(C14="","",ROUNDUP(C14/IF(E14="",1,E14),0)) | I14: =IF(OR(F14="",H14=""),"",F14*H14)
F15: =IF(C15="","",ROUNDUP(C15/IF(E15="",1,E15),0)) | I15: =IF(OR(F15="",H15=""),"",F15*H15)
F16: =IF(C16="","",ROUNDUP(C16/IF(E16="",1,E16),0)) | I16: =IF(OR(F16="",H16=""),"",F16*H16)
... F64: =IF(C64="","",ROUNDUP(C64/IF(E64="",1,E64),0)) | I64: =IF(OR(F64="",H64=""),"",F64*H64)

Sheet Summary
A1: ESTIMATE SUMMARY
A3: Project | B3: =Setup!B11
A4: Job | B4: =Setup!B14
A5: Prices from | B5: =Setup!B17&IF(Setup!B18="",""," - "&Setup!B18)
A6: Prices checked on | B6: =IF(Setup!B19="","",Setup!B19)
A8: Materials total (inc GST) | B8: =SUM(Materials!I5:I64)
A9: GST included | B9: =ROUND(B8/11,2)
A10: Materials total (ex GST) | B10: =B8-B9
A12: Items priced | B12: =COUNT(Materials!I5:I64)
A13: Items NOT priced (not in total) | B13: =COUNTA(Materials!A5:A64)-COUNT(Materials!I5:I64)
A15: ROM low (inc GST) | B15: =ROUND(B8*(1-Setup!B20/100),2)
A16: ROM high (inc GST) | B16: =ROUND(B8*(1+Setup!B21/100),2)
A18: A rough order of magnitude (ROM) for budgeting only. Read the Qualifications sheet before using these figures.

Sheet Qualifications
A1: QUALIFICATIONS
A3: 1. Bunnings prices are used as a guide only. They are retail prices including GST, for the store and date shown, and change over time and between stores.
A4: 2. Specialist suppliers (timber yards, plasterboard, tile and paint suppliers, concrete plants, trade accounts) often price better for larger quantities and may supply better grades or products. Get trade quotes before committing.
A5: 3. Quantities are a takeoff estimate using rules of thumb (spacings, coverage, waste). Check them against the drawings and the manufacturers' guides.
A6: 4. Excludes labour, delivery, equipment hire, waste removal, fees, engineering and contingency unless listed above.
A7: 5. Structural member sizes, spans and fixings must be confirmed from AS 1684, the supplier's span tables or an engineer. Products must suit the use (for example H3 or H4 treatment outdoors) and comply with the NCC.
A8: 6. Items marked NOT priced are not in the total.
A9: 7. The ROM range (default -15% / +30%) is for budgeting and deciding whether to proceed. It is not a quote or a fixed price.

Sheet Instructions
A1: HOW TO USE THIS MATERIALS ESTIMATE
A3: 1. Setup | B3: Enter business and project details, the pricing source, store and date checked.
A4: 2. Materials | B4: One row per item: quantity needed and its unit, the pack size (how many units one priced item holds; leave blank for 1), product or item number and unit price inc GST.
A5: 3. Packs | B5: Packs to Buy and Line Total calculate. Leave the price blank for items you haven't priced; they show as NOT priced.
A6: 4. Summary | B6: Shows the total inc and ex GST and the ROM range.
A7: 5. Qualifications | B7: Send these with any figure you give a client.
A10: Yellow | B10: Input cells: enter your data here
A11: Green | B11: Calculated: do not edit
