Workbook

Sheet Setup
A1: PROJECT SETUP
A3: Business Name:
A4: Project Name:
A5: Project Address:
A6: Client Name:
A7: Contract Number:
A8: Site Supervisor:
A9: Start Date:

Sheet Site Diary
A1: SITE DIARY
A2: Project: | B2: =Setup!B4 -> 0 | E2: Supervisor: | F2: =Setup!B8 -> 0
A4: Date | B4: Day | C4: Weather AM | D4: Weather PM | E4: Trades On Site | F4: Work Completed | G4: Delays/Issues | H4: Instructions Issued | I4: Visitors | J4: Notes
B5: =IF(A5="","",TEXT(A5,"DDD"))
B6: =IF(A6="","",TEXT(A6,"DDD"))
B7: =IF(A7="","",TEXT(A7,"DDD"))
B8: =IF(A8="","",TEXT(A8,"DDD"))
B9: =IF(A9="","",TEXT(A9,"DDD"))
B10: =IF(A10="","",TEXT(A10,"DDD"))
B11: =IF(A11="","",TEXT(A11,"DDD"))
B12: =IF(A12="","",TEXT(A12,"DDD"))
B13: =IF(A13="","",TEXT(A13,"DDD"))
B14: =IF(A14="","",TEXT(A14,"DDD"))
B15: =IF(A15="","",TEXT(A15,"DDD"))
B16: =IF(A16="","",TEXT(A16,"DDD"))
... B64: =IF(A64="","",TEXT(A64,"DDD"))

Sheet Weather Summary
A1: WEATHER SUMMARY
A3: Weather Type | B3: Days (AM) | C3: Days (PM)
A4: Fine | B4: =COUNTIF('Site Diary'!C:C,A4) -> 0 | C4: =COUNTIF('Site Diary'!D:D,A4) -> 0
A5: Overcast | B5: =COUNTIF('Site Diary'!C:C,A5) -> 0 | C5: =COUNTIF('Site Diary'!D:D,A5) -> 0
A6: Light Rain | B6: =COUNTIF('Site Diary'!C:C,A6) -> 0 | C6: =COUNTIF('Site Diary'!D:D,A6) -> 0
A7: Heavy Rain | B7: =COUNTIF('Site Diary'!C:C,A7) -> 0 | C7: =COUNTIF('Site Diary'!D:D,A7) -> 0
A8: Storm | B8: =COUNTIF('Site Diary'!C:C,A8) -> 0 | C8: =COUNTIF('Site Diary'!D:D,A8) -> 0
A9: Hot >35 | B9: =COUNTIF('Site Diary'!C:C,A9) -> 0 | C9: =COUNTIF('Site Diary'!D:D,A9) -> 0
A10: Cold <10 | B10: =COUNTIF('Site Diary'!C:C,A10) -> 0 | C10: =COUNTIF('Site Diary'!D:D,A10) -> 0
A11: Windy | B11: =COUNTIF('Site Diary'!C:C,A11) -> 0 | C11: =COUNTIF('Site Diary'!D:D,A11) -> 0
A12: Total Days Recorded: | B12: =COUNTA('Site Diary'!A5:A64) -> 0
A14: Rain Days (Heavy/Storm): | B14: =COUNTIF('Site Diary'!C:C,"Heavy Rain")+COUNTIF('Site Diary'!C:C,"Storm")+COUNTIF('Site Diary'!D:D,"Heavy Rain")+COUNTIF('Site Diary'!D:D,"Storm") -> 0

Sheet Instructions
A1: HOW TO USE THIS SITE DIARY
A3: STEP 1: | B3: Go to Setup and enter your project details.
A4: STEP 2: | B4: On the Site Diary sheet, enter the date for each day on site.
A5: STEP 3: | B5: Select weather from the dropdown (AM and PM conditions).
A6: STEP 4: | B6: Record trades on site, work completed, any delays or issues.
A7: STEP 5: | B7: Note any instructions issued or visitors to site.
A9: WHY KEEP A DIARY:
B10: - Evidence for Extension of Time (EOT) claims
B11: - Record of weather delays
B12: - Documentation for disputes
B13: - Progress tracking
B14: - Safety and compliance records
A16: TIPS:
B17: - Fill in daily - don't rely on memory
B18: - Be specific about delays and causes
B19: - Note any verbal instructions in writing
B20: - Weather Summary shows rain days for EOT claims
