Workbook

Sheet Setup
A1: PROJECT SETUP
A3: Business Name:
A4: Project Name:
A5: Project Address:
A6: Client Name:
A7: Contract Number:
A8: Default Labour Rate (excl GST):

Sheet Dockets
A1: TIMESHEETS AND DAY WORK DOCKETS
A2: Project: | B2: =Setup!$B$4 | D2: Client: | E2: =Setup!$B$6
A4: Date | B4: Docket No | C4: Worker | D4: Trade / Role | E4: Start | F4: Finish | G4: Break (min) | H4: Hours | I4: Rate (excl GST) | J4: Labour (excl GST) | K4: Materials / Plant (excl GST) | L4: Total (excl GST) | M4: Work Done | N4: Charge To (Contract / VAR No) | O4: Signed Off By
H5: =IF(OR(E5="",F5=""),"",ROUND(MOD(F5-E5,1)*24-N(G5)/60,2)) | I5: =Setup!$B$8 | J5: =IF(H5="","",ROUND(H5*I5,2)) | L5: =IF(AND(J5="",K5=""),"",N(J5)+N(K5))
H6: =IF(OR(E6="",F6=""),"",ROUND(MOD(F6-E6,1)*24-N(G6)/60,2)) | I6: =Setup!$B$8 | J6: =IF(H6="","",ROUND(H6*I6,2)) | L6: =IF(AND(J6="",K6=""),"",N(J6)+N(K6))
H7: =IF(OR(E7="",F7=""),"",ROUND(MOD(F7-E7,1)*24-N(G7)/60,2)) | I7: =Setup!$B$8 | J7: =IF(H7="","",ROUND(H7*I7,2)) | L7: =IF(AND(J7="",K7=""),"",N(J7)+N(K7))
H8: =IF(OR(E8="",F8=""),"",ROUND(MOD(F8-E8,1)*24-N(G8)/60,2)) | I8: =Setup!$B$8 | J8: =IF(H8="","",ROUND(H8*I8,2)) | L8: =IF(AND(J8="",K8=""),"",N(J8)+N(K8))
H9: =IF(OR(E9="",F9=""),"",ROUND(MOD(F9-E9,1)*24-N(G9)/60,2)) | I9: =Setup!$B$8 | J9: =IF(H9="","",ROUND(H9*I9,2)) | L9: =IF(AND(J9="",K9=""),"",N(J9)+N(K9))
H10: =IF(OR(E10="",F10=""),"",ROUND(MOD(F10-E10,1)*24-N(G10)/60,2)) | I10: =Setup!$B$8 | J10: =IF(H10="","",ROUND(H10*I10,2)) | L10: =IF(AND(J10="",K10=""),"",N(J10)+N(K10))
H11: =IF(OR(E11="",F11=""),"",ROUND(MOD(F11-E11,1)*24-N(G11)/60,2)) | I11: =Setup!$B$8 | J11: =IF(H11="","",ROUND(H11*I11,2)) | L11: =IF(AND(J11="",K11=""),"",N(J11)+N(K11))
H12: =IF(OR(E12="",F12=""),"",ROUND(MOD(F12-E12,1)*24-N(G12)/60,2)) | I12: =Setup!$B$8 | J12: =IF(H12="","",ROUND(H12*I12,2)) | L12: =IF(AND(J12="",K12=""),"",N(J12)+N(K12))
H13: =IF(OR(E13="",F13=""),"",ROUND(MOD(F13-E13,1)*24-N(G13)/60,2)) | I13: =Setup!$B$8 | J13: =IF(H13="","",ROUND(H13*I13,2)) | L13: =IF(AND(J13="",K13=""),"",N(J13)+N(K13))
H14: =IF(OR(E14="",F14=""),"",ROUND(MOD(F14-E14,1)*24-N(G14)/60,2)) | I14: =Setup!$B$8 | J14: =IF(H14="","",ROUND(H14*I14,2)) | L14: =IF(AND(J14="",K14=""),"",N(J14)+N(K14))
H15: =IF(OR(E15="",F15=""),"",ROUND(MOD(F15-E15,1)*24-N(G15)/60,2)) | I15: =Setup!$B$8 | J15: =IF(H15="","",ROUND(H15*I15,2)) | L15: =IF(AND(J15="",K15=""),"",N(J15)+N(K15))
H16: =IF(OR(E16="",F16=""),"",ROUND(MOD(F16-E16,1)*24-N(G16)/60,2)) | I16: =Setup!$B$8 | J16: =IF(H16="","",ROUND(H16*I16,2)) | L16: =IF(AND(J16="",K16=""),"",N(J16)+N(K16))
... H204: =IF(OR(E204="",F204=""),"",ROUND(MOD(F204-E204,1)*24-N(G204)/60,2)) | I204: =Setup!$B$8 | J204: =IF(H204="","",ROUND(H204*I204,2)) | L204: =IF(AND(J204="",K204=""),"",N(J204)+N(K204))

Sheet Summary
A1: SUMMARY BY CHARGE
A3: Charge To | B3: Hours | C3: Labour (excl GST) | D3: Materials / Plant (excl GST) | E3: Total (excl GST) | F3: GST | G3: Total (incl GST)
B4: =IF(A4="","",SUMIF(Dockets!$N$5:$N$204,A4,Dockets!$H$5:$H$204)) | C4: =IF(A4="","",SUMIF(Dockets!$N$5:$N$204,A4,Dockets!$J$5:$J$204)) | D4: =IF(A4="","",SUMIF(Dockets!$N$5:$N$204,A4,Dockets!$K$5:$K$204)) | E4: =IF(A4="","",C4+D4) | F4: =IF(A4="","",ROUND(E4*0.1,2)) | G4: =IF(A4="","",E4+F4)
B5: =IF(A5="","",SUMIF(Dockets!$N$5:$N$204,A5,Dockets!$H$5:$H$204)) | C5: =IF(A5="","",SUMIF(Dockets!$N$5:$N$204,A5,Dockets!$J$5:$J$204)) | D5: =IF(A5="","",SUMIF(Dockets!$N$5:$N$204,A5,Dockets!$K$5:$K$204)) | E5: =IF(A5="","",C5+D5) | F5: =IF(A5="","",ROUND(E5*0.1,2)) | G5: =IF(A5="","",E5+F5)
B6: =IF(A6="","",SUMIF(Dockets!$N$5:$N$204,A6,Dockets!$H$5:$H$204)) | C6: =IF(A6="","",SUMIF(Dockets!$N$5:$N$204,A6,Dockets!$J$5:$J$204)) | D6: =IF(A6="","",SUMIF(Dockets!$N$5:$N$204,A6,Dockets!$K$5:$K$204)) | E6: =IF(A6="","",C6+D6) | F6: =IF(A6="","",ROUND(E6*0.1,2)) | G6: =IF(A6="","",E6+F6)
B7: =IF(A7="","",SUMIF(Dockets!$N$5:$N$204,A7,Dockets!$H$5:$H$204)) | C7: =IF(A7="","",SUMIF(Dockets!$N$5:$N$204,A7,Dockets!$J$5:$J$204)) | D7: =IF(A7="","",SUMIF(Dockets!$N$5:$N$204,A7,Dockets!$K$5:$K$204)) | E7: =IF(A7="","",C7+D7) | F7: =IF(A7="","",ROUND(E7*0.1,2)) | G7: =IF(A7="","",E7+F7)
B8: =IF(A8="","",SUMIF(Dockets!$N$5:$N$204,A8,Dockets!$H$5:$H$204)) | C8: =IF(A8="","",SUMIF(Dockets!$N$5:$N$204,A8,Dockets!$J$5:$J$204)) | D8: =IF(A8="","",SUMIF(Dockets!$N$5:$N$204,A8,Dockets!$K$5:$K$204)) | E8: =IF(A8="","",C8+D8) | F8: =IF(A8="","",ROUND(E8*0.1,2)) | G8: =IF(A8="","",E8+F8)
B9: =IF(A9="","",SUMIF(Dockets!$N$5:$N$204,A9,Dockets!$H$5:$H$204)) | C9: =IF(A9="","",SUMIF(Dockets!$N$5:$N$204,A9,Dockets!$J$5:$J$204)) | D9: =IF(A9="","",SUMIF(Dockets!$N$5:$N$204,A9,Dockets!$K$5:$K$204)) | E9: =IF(A9="","",C9+D9) | F9: =IF(A9="","",ROUND(E9*0.1,2)) | G9: =IF(A9="","",E9+F9)
B10: =IF(A10="","",SUMIF(Dockets!$N$5:$N$204,A10,Dockets!$H$5:$H$204)) | C10: =IF(A10="","",SUMIF(Dockets!$N$5:$N$204,A10,Dockets!$J$5:$J$204)) | D10: =IF(A10="","",SUMIF(Dockets!$N$5:$N$204,A10,Dockets!$K$5:$K$204)) | E10: =IF(A10="","",C10+D10) | F10: =IF(A10="","",ROUND(E10*0.1,2)) | G10: =IF(A10="","",E10+F10)
B11: =IF(A11="","",SUMIF(Dockets!$N$5:$N$204,A11,Dockets!$H$5:$H$204)) | C11: =IF(A11="","",SUMIF(Dockets!$N$5:$N$204,A11,Dockets!$J$5:$J$204)) | D11: =IF(A11="","",SUMIF(Dockets!$N$5:$N$204,A11,Dockets!$K$5:$K$204)) | E11: =IF(A11="","",C11+D11) | F11: =IF(A11="","",ROUND(E11*0.1,2)) | G11: =IF(A11="","",E11+F11)
B12: =IF(A12="","",SUMIF(Dockets!$N$5:$N$204,A12,Dockets!$H$5:$H$204)) | C12: =IF(A12="","",SUMIF(Dockets!$N$5:$N$204,A12,Dockets!$J$5:$J$204)) | D12: =IF(A12="","",SUMIF(Dockets!$N$5:$N$204,A12,Dockets!$K$5:$K$204)) | E12: =IF(A12="","",C12+D12) | F12: =IF(A12="","",ROUND(E12*0.1,2)) | G12: =IF(A12="","",E12+F12)
B13: =IF(A13="","",SUMIF(Dockets!$N$5:$N$204,A13,Dockets!$H$5:$H$204)) | C13: =IF(A13="","",SUMIF(Dockets!$N$5:$N$204,A13,Dockets!$J$5:$J$204)) | D13: =IF(A13="","",SUMIF(Dockets!$N$5:$N$204,A13,Dockets!$K$5:$K$204)) | E13: =IF(A13="","",C13+D13) | F13: =IF(A13="","",ROUND(E13*0.1,2)) | G13: =IF(A13="","",E13+F13)
B14: =IF(A14="","",SUMIF(Dockets!$N$5:$N$204,A14,Dockets!$H$5:$H$204)) | C14: =IF(A14="","",SUMIF(Dockets!$N$5:$N$204,A14,Dockets!$J$5:$J$204)) | D14: =IF(A14="","",SUMIF(Dockets!$N$5:$N$204,A14,Dockets!$K$5:$K$204)) | E14: =IF(A14="","",C14+D14) | F14: =IF(A14="","",ROUND(E14*0.1,2)) | G14: =IF(A14="","",E14+F14)
B15: =IF(A15="","",SUMIF(Dockets!$N$5:$N$204,A15,Dockets!$H$5:$H$204)) | C15: =IF(A15="","",SUMIF(Dockets!$N$5:$N$204,A15,Dockets!$J$5:$J$204)) | D15: =IF(A15="","",SUMIF(Dockets!$N$5:$N$204,A15,Dockets!$K$5:$K$204)) | E15: =IF(A15="","",C15+D15) | F15: =IF(A15="","",ROUND(E15*0.1,2)) | G15: =IF(A15="","",E15+F15)
... B23: =IF(A23="","",SUMIF(Dockets!$N$5:$N$204,A23,Dockets!$H$5:$H$204)) | C23: =IF(A23="","",SUMIF(Dockets!$N$5:$N$204,A23,Dockets!$J$5:$J$204)) | D23: =IF(A23="","",SUMIF(Dockets!$N$5:$N$204,A23,Dockets!$K$5:$K$204)) | E23: =IF(A23="","",C23+D23) | F23: =IF(A23="","",ROUND(E23*0.1,2)) | G23: =IF(A23="","",E23+F23)
A25: All dockets | B25: =SUM(Dockets!$H$5:$H$204) | C25: =SUM(Dockets!$J$5:$J$204) | D25: =SUM(Dockets!$K$5:$K$204) | E25: =C25+D25 | F25: =ROUND(E25*0.1,2) | G25: =E25+F25

Sheet Instructions
A1: HOW TO USE THIS WORKBOOK
A3: STEP 1: | B3: Fill in Setup, including your default labour rate (ex GST). Override the rate on any line by typing over it.
A4: STEP 2: | B4: Record one line per worker per day: start and finish times (hh:mm) and unpaid break minutes. Hours and labour calculate themselves.
A5: STEP 3: | B5: Add materials or plant used for day work, ex GST.
A6: STEP 4: | B6: In Charge To, put the contract number for contract work, or the variation number (VAR-001) for day work the client will pay for.
A7: STEP 5: | B7: Get the client or supervisor to sign off each day work docket the day it happens. Unsigned dockets are hard to get paid.
A8: STEP 6: | B8: On Summary, type each Charge To value once to total hours and cost; use the totals in your variation or invoice.
